"recid","type","original_text","trans_text"
0,text,# 青华中学的青春狂想曲,# Qinghua High School's Youth Rhapsody
1,text,## 故事大纲,## Story Outline
2,text,### 故事概述,### Story Overview
3,text,一个转校生林阳在青华中学与三位性格迥异的女生之间展开的复杂爱情故事。故事探讨了青春期的爱情冲动、选择困境以及成长的代价。,A complex love story unfolds between transfer student Lin Yang and three girls with very different personalities at Qinghua High School. The story explores adolescent love impulses, choice dilemmas, and the price of growth.
4,text,### 主要角色,### Main Characters
5,text,- **林阳**：来自北京的转校生，温柔善良但优柔寡断,- **Lin Yang**: A transfer student from Beijing, gentle and kind but indecisive
6,text,- **苏晓雪**：高三学生会副会长，温柔可人，对林阳一见钟情,- **Su Xiaoxue**: Vice President of the Student Council in Grade 3, gentle and lovable, fell in love with Lin Yang at first sight
7,text,- **陈雨萱**：高二排球社主力，活泼开朗，敢爱敢恨,- **Chen Yuxuan**: Main player in the Volleyball Club in Grade 2, lively and cheerful, dares to love and hate
8,text,- **林冰儿**：高一班长，冷艳神秘，内心火热,- **Lin Bing'er**: Class Monitor in Grade 1, cold and mysterious, with a passionate heart
9,text,### 章节结构,### Chapter Structure
10,text,1. **序章**：梧桐树下的季节 - 初次相遇,1. **Prologue**: The Season Under the Plane Trees - First Meeting
11,text,2. **第一章**：心跳的开始 - 情感升温,2. **Chapter 1**: The Beginning of Heartbeats - Rising Emotions
12,text,3. **第二章**：爱的抉择 - 亲密关系,3. **Chapter 2**: The Choice of Love - Intimate Relationships
13,text,4. **第三章**：爱的终结 - 做出选择,4. **Chapter 3**: The End of Love - Making a Choice
14,text,5. **第四章**：重逢 - 释怀与和解,5. **Chapter 4**: Reunion - Letting Go and Reconciliation
15,text,6. **第五章**：抉择的代价 - 成长与感悟,6. **Chapter 5**: The Price of Choice - Growth and Realization
16,text,7. **尾声**：永恒的爱情 - 婚姻与家庭,7. **Epilogue**: Eternal Love - Marriage and Family
17,text,---,---
18,text,## 序章：梧桐树下的季节,## Prologue: The Season Under the Plane Trees
19,text,九月的青华中学，梧桐树正长得茂盛。绿色的树叶像大伞一样覆盖了整个校园。林阳站在学校门口，抬头看着那些高大的梧桐树，心中涌起一股复杂的情绪。,In September at Qinghua High School, the plane trees were lush. Green leaves covered the entire campus like large umbrellas. Lin Yang stood at the school gate, looking up at those tall plane trees, a complex emotion surging in his heart.
20,text,他是转校生，来自北京的一所重点高中。因为父母工作的关系，他不得不搬到这个位于杭州的小镇。虽然对新环境有些不安，但他还是希望能在这里开始一段新的生活。,He was a transfer student from a key high school in Beijing. Because of his parents' work, he had to move to this small town in Hangzhou. Although he was somewhat uneasy about the new environment, he still hoped to start a new life here.
21,text,"请问，你是林阳同学吗？"一个温柔的声音从背后传来。,"Excuse me, are you Lin Yang?" a gentle voice came from behind.
22,text,林阳转身，看到一个留着齐肩黑发的女生，穿着青华中学的校服，正微笑着看着他。她的眼睛很大，像黑珍珠一样闪闪发光，皮肤白皙，五官精致，给人一种温柔可人的感觉。,Lin Yang turned around and saw a girl with shoulder-length black hair, wearing Qinghua High School's uniform, smiling at him. Her eyes were large, shining like black pearls, her skin was fair, her features were exquisite, giving people a gentle and lovable feeling.
23,text,"是的，我是。请问你是？"林阳问道。,"Yes, I am. May I ask who you are?" Lin Yang asked.
24,text,"我是苏晓雪，高三的学生，学生会副会长。老师让我来带你熟悉校园环境。"晓雪笑着说道，"请多关照，林阳同学。","I am Su Xiaoxue, a Grade 3 student and Vice President of the Student Council. The teacher asked me to help you get familiar with the campus environment." Xiaoxue said with a smile, "Please take care of me, Lin Yang."
25,text,"请多关照，苏学姐。"林阳礼貌地回应道。,"Please take care of me too, Senior Su." Lin Yang responded politely.
26,text,晓雪带着林阳参观校园，一边走一边介绍："这里是教学楼，那边是图书馆，体育馆在操场的另一边。我们学校虽然不大，但设施很齐全。",Xiaoxue led Lin Yang on a tour of the campus, introducing as they walked: "This is the teaching building, over there is the library, and the gymnasium is on the other side of the playground. Although our school isn't large, the facilities are complete."
27,text,"谢谢学姐的介绍。"林阳说道，"对了，学姐为什么会来迎接我？","Thank you for the introduction, Senior." Lin Yang said, "By the way, why did you come to welcome me?"
28,text,"因为老师说你是从北京来的转校生，可能会不适应这里的环境，所以让我来帮忙。"晓雪解释道，"而且，我也很期待能认识新同学呢。","Because the teacher said you're a transfer student from Beijing and might not be used to the environment here, so they asked me to help." Xiaoxue explained, "Besides, I was also looking forward to meeting new classmates."
29,text,两人走到操场边，正好遇到一群女生在练习排球。其中一个扎着马尾辫的女生看到晓雪，跑了过来："晓雪学姐，这是谁啊？"她的声音很活泼，充满了活力。,The two walked to the edge of the playground and happened to encounter a group of girls practicing volleyball. One of the girls with a ponytail saw Xiaoxue and ran over: "Senior Xiaoxue, who is this?" Her voice was lively and full of energy.
30,text,"这是新转来的林阳同学，高一的。"晓雪介绍道，"林阳，这是陈雨萱，高二的学生，排球社的主力。","This is the newly transferred Lin Yang, Grade 1." Xiaoxue introduced, "Lin Yang, this is Chen Yuxuan, a Grade 2 student and main player in the Volleyball Club."
31,text,"你好，林阳同学！"雨萱大大咧咧地伸出手，"欢迎来到青华中学！","Hello, Lin Yang!" Yuxuan reached out generously, "Welcome to Qinghua High School!"
32,text,"你好，陈同学。"林阳握手回应道。,"Hello, Chen." Lin Yang responded with a handshake.
33,text,"对了，晓雪学姐，今天放学后有空吗？我们排球社有训练，你要不要来看？"雨萱问道。,"By the way, Senior Xiaoxue, are you free after school today? Our Volleyball Club has training, do you want to come and watch?" Yuxuan asked.
34,text,"抱歉，今天放学后我要去图书馆帮忙。"晓雪说道，"不过林阳同学如果有空的话，可以去看看哦。","Sorry, I have to help in the library after school today." Xiaoxue said, "But if Lin Yang has time, you can go and watch."
35,text,"我...我可能不太懂排球。"林阳有些犹豫。,"I... I might not understand volleyball very well." Lin Yang hesitated somewhat.
36,text,"没关系，就当是来玩嘛！"雨萱笑着说道，"我们排球社的女生可是很热情的哦！","It doesn't matter, just come and have fun!" Yuxuan said with a smile, "The girls in our Volleyball Club are very enthusiastic!"
37,text,"那...好吧，我放学后去看看。"林阳答应道。,"Then... okay, I'll go and watch after school." Lin Yang agreed.
38,text,雨萱满意地笑了笑，跑回了排球队。晓雪继续带着林阳参观校园，最后来到了高一的教室。,Yuxuan smiled with satisfaction and ran back to the volleyball team. Xiaoxue continued to lead Lin Yang on the tour of the campus, finally arriving at the Grade 1 classroom.
39,text,"好了，这里就是你的教室了。"晓雪说道，"希望你能在这里度过愉快的高中生活。","Alright, this is your classroom." Xiaoxue said, "I hope you can have a pleasant high school life here."
40,text,"谢谢学姐，我会的。"林阳说道。,"Thank you, Senior, I will." Lin Yang said.
41,text,晓雪转身准备离开，又突然回过头来："对了，林阳同学，如果你有什么困难的话，随时可以来找我。我在高三（1）班。",Xiaoxue turned to leave, then suddenly turned back: "By the way, Lin Yang, if you have any difficulties, you can come to me anytime. I'm in Grade 3 (1) Class."
42,text,"好的，谢谢学姐。"林阳说道。,"Okay, thank you, Senior." Lin Yang said.
43,text,晓雪微笑着离开了，林阳走进教室，找了一个靠窗的位置坐下。他看着窗外的梧桐树，心中开始期待起在青华中学的生活。,Xiaoxue left with a smile, and Lin Yang walked into the classroom, finding a seat by the window. He looked at the plane trees outside the window and began to look forward to life at Qinghua High School.
44,text,就在这时，教室的门被推开了，一个女生走了进来。她留着金色的短发，戴着一副黑框眼镜，穿着校服，手里抱着一摞书。她的表情很冷漠，看起来有些严肃。,Just then, the classroom door was pushed open, and a girl walked in. She had short golden hair, wore black-rimmed glasses, wore the school uniform, and held a stack of books in her hands. Her expression was cold, looking somewhat serious.
45,text,"你是新转来的？"女生问道，声音有些冷淡。,"Are you the new transfer?" the girl asked, her voice somewhat cold.
46,text,"是的，我是林阳。"林阳说道。,"Yes, I am Lin Yang." Lin Yang said.
47,text,"林冰儿，班长。"女生简洁地介绍道，然后走到讲台上，开始整理教案。,"Lin Bing'er, Class Monitor." the girl introduced concisely, then walked to the podium and began organizing lesson plans.
48,text,林阳注意到，林冰儿的眼镜后面，有一双蓝色的眼睛，像冰一样寒冷，但又带着一丝神秘的光芒。她的身材高挑，皮肤白皙，给人一种冷艳的感觉。,Lin Yang noticed that behind Lin Bing'er's glasses, there was a pair of blue eyes, cold like ice but with a mysterious glimmer. Her figure was tall and slender, her skin fair, giving people a cold and glamorous feeling.
49,text,开学典礼结束后，林阳来到了操场，观看排球社的训练。雨萱看到他，兴奋地挥手："林阳同学，这里！",After the opening ceremony, Lin Yang came to the playground to watch the Volleyball Club's training. Yuxuan saw him and waved excitedly: "Lin Yang, over here!"
50,text,林阳走过去，坐在观众席上。雨萱和其他队员正在练习发球和接球，她的动作很熟练，看起来是个很有实力的选手。,Lin Yang walked over and sat in the spectator stands. Yuxuan and other team members were practicing serving and receiving, her movements were very skilled, looking like a very capable player.
51,text,训练结束后，雨萱走到林阳身边，擦了擦脸上的汗水："怎么样？我们排球社的训练很精彩吧？",After training ended, Yuxuan walked to Lin Yang's side, wiping the sweat from her face: "How was it? Our Volleyball Club's training was wonderful, right?"
52,text,"嗯，很精彩。"林阳说道，"陈同学的球技很好呢。","Hmm, very wonderful." Lin Yang said, "Chen's volleyball skills are very good."
53,text,"谢谢夸奖！"雨萱笑着说道，"对了，要不要一起去吃个饭？我知道附近有一家很好吃的面馆。","Thank you for the compliment!" Yuxuan said with a smile, "By the way, do you want to go eat together? I know there's a very good noodle shop nearby."
54,text,"好啊，我正好也饿了。"林阳答应道。,"Okay, I happen to be hungry too." Lin Yang agreed.
55,text,两人来到面馆，点了两碗面。雨萱一边吃一边说道："林阳同学，你为什么会转学到这里来？",The two came to the noodle shop and ordered two bowls of noodles. Yuxuan said while eating: "Lin Yang, why did you transfer here?"
56,text,"因为我父母工作的关系，所以搬到了这里。"林阳解释道。,"Because of my parents' work, so I moved here." Lin Yang explained.
57,text,"这样啊。"雨萱说道，"那你在北京的生活怎么样？","I see." Yuxuan said, "How was your life in Beijing?"
58,text,"还可以吧，就是学习压力比较大。"林阳说道。,"It was okay, just the study pressure was quite high." Lin Yang said.
59,text,"我们这里的学习压力也不小哦。"雨萱说道，"不过，这里的环境比北京好很多，空气清新，还有很多梧桐树。","The study pressure here isn't small either." Yuxuan said, "But the environment here is much better than Beijing, the air is fresh, and there are many plane trees."
60,text,"是啊，我很喜欢这里的梧桐树。"林阳说道。,"Yes, I really like the plane trees here." Lin Yang said.
61,text,两人聊得很开心，直到天色渐晚，才各自回家。,The two chatted happily until it was getting late, then went home separately.
62,text,回到家后，林阳躺在床上，回想起今天的经历。他遇到了三个性格迥异的女生：温柔可人的苏晓雪，活泼开朗的陈雨萱，还有冷艳神秘的林冰儿。他感觉，在青华中学的生活，将会变得非常有趣。,After returning home, Lin Yang lay in bed, recalling today's experience. He had met three girls with very different personalities: the gentle and lovable Su Xiaoxue, the lively and cheerful Chen Yuxuan, and the cold and mysterious Lin Bing'er. He felt that life at Qinghua High School would become very interesting.
63,text,## 第一章：心跳的开始,## Chapter 1: The Beginning of Heartbeats
64,text,### 晓雪的温柔,### Xiaoxue's Gentleness
65,text,接下来的几天，林阳逐渐适应了新的校园生活。他和三位女生的关系也变得越来越密切。,Over the next few days, Lin Yang gradually adapted to the new campus life. His relationships with the three girls also became increasingly close.
66,text,晓雪经常会在课间来找林阳，给他送一些小零食，或者帮他解答学习上的问题。她的温柔和细心让林阳感到很温暖，仿佛有一股暖流在心中流淌。,Xiaoxue would often come to find Lin Yang during breaks, bringing him some small snacks, or helping him answer study questions. Her gentleness and attentiveness made Lin Yang feel very warm, as if a warm current was flowing in his heart.
67,text,一天放学后，晓雪邀请林阳去学生会办公室。学生会办公室里很安静，只有他们两个人。晓雪给林阳泡了一杯茶，然后坐在他对面。,One day after school, Xiaoxue invited Lin Yang to the Student Council office. The Student Council office was very quiet, with only the two of them. Xiaoxue brewed a cup of tea for Lin Yang, then sat facing him.
68,text,"林阳，你在北京的时候，有没有参加过什么社团？"晓雪问道。,"Lin Yang, when you were in Beijing, did you participate in any clubs?" Xiaoxue asked.
69,text,"我参加过摄影社。"林阳说道，"我喜欢用相机记录生活中的美好瞬间。","I participated in the Photography Club." Lin Yang said, "I like to use a camera to record beautiful moments in life."
70,text,"那太好了！"晓雪兴奋地说道，"我们学校也有摄影社，你要不要加入？","That's wonderful!" Xiaoxue said excitedly, "Our school also has a Photography Club, do you want to join?"
71,text,"真的可以吗？"林阳问道。,"Is that really possible?" Lin Yang asked.
72,text,"当然可以，我可以帮你引荐。"晓雪笑着说道，"而且，我也想学习摄影，你可以教我吗？","Of course, I can recommend you." Xiaoxue said with a smile, "Besides, I also want to learn photography, can you teach me?"
73,text,"当然可以。"林阳说道。,"Of course I can." Lin Yang said.
74,text,从那天起，林阳和晓雪经常一起去摄影。他们拍了很多照片，有校园的风景，有梧桐树的美丽，还有彼此的笑脸。每一次拍照，都是他们感情升温的时刻。,From that day on, Lin Yang and Xiaoxue often went to take photos together. They took many photos, of campus scenery, of the beauty of plane trees, and of each other's smiling faces. Every time they took photos, it was a moment when their feelings warmed up.
75,text,### 雨萱的热情,### Yuxuan's Enthusiasm
76,text,雨萱则经常拉着林阳一起参加各种活动，比如排球社的训练、学校的文化节准备等。她的活泼开朗让林阳的生活变得更加丰富多彩，他发现自己越来越喜欢和雨萱在一起的时光。,Yuxuan, on the other hand, would often drag Lin Yang to participate in various activities, such as Volleyball Club training, school cultural festival preparations, etc. Her liveliness and cheerfulness made Lin Yang's life more colorful and rich, and he found himself increasingly enjoying the time spent with Yuxuan.
77,text,一个星期六的下午，雨萱拉着林阳去了附近的游乐园。游乐园里人山人海，充满了欢声笑语。,One Saturday afternoon, Yuxuan dragged Lin Yang to a nearby amusement park. The amusement park was packed with people, filled with laughter and joy.
78,text,"林阳，我们去坐过山车吧！"雨萱兴奋地说道。,"Lin Yang, let's go ride the roller coaster!" Yuxuan said excitedly.
79,text,"我...我有点害怕。"林阳有些犹豫。,"I... I'm a bit afraid." Lin Yang hesitated somewhat.
80,text,"没关系，有我在呢！"雨萱拉着林阳的手，跑向了过山车。,"It doesn't matter, I'm here with you!" Yuxuan held Lin Yang's hand and ran toward the roller coaster.
81,text,过山车上，雨萱大声地尖叫着，而林阳则紧紧地闭着眼睛。当过山车停下来时，林阳的脸色有些苍白，但雨萱却兴奋得不得了。,On the roller coaster, Yuxuan screamed loudly, while Lin Yang kept his eyes tightly closed. When the roller coaster stopped, Lin Yang's face was somewhat pale, but Yuxuan was extremely excited.
82,text,"太刺激了！我们再坐一次吧！"雨萱说道。,"So exciting! Let's ride again!" Yuxuan said.
83,text,"不...不用了。"林阳苦笑着说道。,"No... no need." Lin Yang said with a bitter smile.
84,text,"那我们去坐旋转木马吧，那个不刺激。"雨萱说道。,"Then let's go ride the carousel, that's not exciting." Yuxuan said.
85,text,两人来到旋转木马前，雨萱选了一匹白色的马，林阳选了一匹黑色的马。旋转木马开始转动，雨萱开心地笑着，向林阳挥手。,The two came to the carousel, Yuxuan chose a white horse, and Lin Yang chose a black horse. The carousel began to turn, and Yuxuan laughed happily, waving to Lin Yang.
86,text,"林阳，你看，我像不像公主？"雨萱问道。,"Lin Yang, look, don't I look like a princess?" Yuxuan asked.
87,text,"像，你就像童话里的公主。"林阳笑着说道。,"Yes, you're just like a princess in a fairy tale." Lin Yang said with a smile.
88,text,"那你就是我的王子！"雨萱说道。,"Then you're my prince!" Yuxuan said.
89,text,林阳的脸一下子红了，他不知道该如何回应。,Lin Yang's face suddenly turned red, and he didn't know how to respond.
90,text,傍晚时分，两人来到了摩天轮前。雨萱看着摩天轮，说道："林阳，你知道吗？传说在摩天轮的最高点接吻，两个人就会永远在一起。",In the evening, the two came to the Ferris wheel. Yuxuan looked at the Ferris wheel and said: "Lin Yang, do you know? Legend has it that if you kiss at the highest point of the Ferris wheel, the two people will be together forever."
91,text,"真...真的吗？"林阳问道。,"Really... is that true?" Lin Yang asked.
92,text,"当然是真的！"雨萱说道，"我们要不要试试？","Of course it's true!" Yuxuan said, "Do we want to try?"
93,text,林阳的心跳加速了，他不知道雨萱是在开玩笑还是认真的。,Lin Yang's heart beat faster, and he didn't know whether Yuxuan was joking or serious.
94,text,摩天轮缓缓地上升，雨萱和林阳坐在车厢里，看着窗外的风景。当摩天轮到达最高点时，雨萱突然靠近林阳，在他的脸颊上亲了一下。,The Ferris wheel slowly rose, and Yuxuan and Lin Yang sat in the cabin, watching the scenery outside the window. When the Ferris wheel reached the highest point, Yuxuan suddenly approached Lin Yang and kissed him on the cheek.
95,text,"林阳，我喜欢你。"雨萱轻声说道。,"Lin Yang, I like you." Yuxuan said softly.
96,text,林阳愣住了，他没有想到雨萱会这么直接地表白。他看着雨萱那充满期待的眼神，心中涌起一股复杂的情绪。,Lin Yang was stunned, he didn't expect Yuxuan to confess so directly. He looked at Yuxuan's eyes full of expectation, and a complex emotion surged in his heart.
97,text,就在这时，摩天轮开始下降，雨萱坐回了原位，笑着说道："开玩笑的啦，别当真！",Just then, the Ferris wheel began to descend, and Yuxuan sat back in her original position, saying with a smile: "Just kidding, don't take it seriously!"
98,text,但林阳知道，雨萱的眼神里，有着一丝认真。,But Lin Yang knew that there was a trace of seriousness in Yuxuan's eyes.
99,text,### 冰儿的秘密,### Bing'er's Secret
100,text,冰儿虽然依然保持着冷漠的态度，但她会在林阳遇到困难时默默地帮助他。比如，当林阳忘记带课本时，她会默默地把自己的课本推到他面前；当林阳在考试中遇到难题时，她会在课后给他详细讲解。这些细微的关心让林阳感受到了冰儿内心的温柔。,Although Bing'er still maintained a cold attitude, she would silently help Lin Yang when he encountered difficulties. For example, when Lin Yang forgot to bring his textbook, she would silently push her textbook in front of him; when Lin Yang encountered difficult problems in exams, she would explain them to him in detail after class. These subtle cares made Lin Yang feel the gentleness in Bing'er's heart.
101,text,一天放学后，林阳在图书馆里遇到了冰儿。冰儿正坐在角落里，认真地看书。,One day after school, Lin Yang met Bing'er in the library. Bing'er was sitting in a corner, seriously reading a book.
102,text,"林同学，你在看什么书？"林阳问道。,"Lin, what book are you reading?" Lin Yang asked.
103,text,冰儿抬起头，看到是林阳，淡淡地说道："《挪威的森林》，村上春树的小说。",Bing'er raised her head, saw it was Lin Yang, and said faintly: "Norwegian Wood, a novel by Haruki Murakami."
104,text,"我听说过这本书，但还没看过。"林阳说道。,"I've heard of this book, but haven't read it yet." Lin Yang said.
105,text,"你想看吗？我可以借给你。"冰儿说道。,"Do you want to read it? I can lend it to you." Bing'er said.
106,text,"真的可以吗？"林阳问道。,"Is that really possible?" Lin Yang asked.
107,text,"可以。"冰儿把书递给林阳，"不过，你要答应我一件事。","Yes." Bing'er handed the book to Lin Yang, "But you have to promise me one thing."
108,text,"什么事？"林阳问道。,"What thing?" Lin Yang asked.
109,text,"看完这本书后，你要告诉我你的感想。"冰儿说道。,"After reading this book, you have to tell me your thoughts." Bing'er said.
110,text,"好的，我答应你。"林阳说道。,"Okay, I promise you." Lin Yang said.
111,text,几天后，林阳看完了《挪威的森林》。他来到图书馆，找到冰儿，和她分享了自己的感想。,A few days later, Lin Yang finished reading "Norwegian Wood." He came to the library, found Bing'er, and shared his thoughts with her.
112,text,"我觉得这本书很悲伤，但也很有力量。"林阳说道，"主人公渡边在失去直子后，依然坚强地活着，这让我很感动。","I think this book is very sad, but also very powerful." Lin Yang said, "The protagonist Watanabe continued to live strongly after losing Naoko, which moved me very much."
113,text,冰儿点了点头，说道："你说得对。这本书告诉我们，即使失去了重要的人，我们也要继续活下去。",Bing'er nodded and said: "You're right. This book tells us that even if we lose important people, we must continue to live."
114,text,"林同学，你...你有没有失去过重要的人？"林阳小心翼翼地问道。,"Lin, have you... ever lost important people?" Lin Yang asked cautiously.
115,text,冰儿沉默了一会儿，然后说道："有，我曾经有一个很重要的朋友，但她转学了，我们失去了联系。",Bing'er was silent for a while, then said: "Yes, I once had a very important friend, but she transferred schools, and we lost contact."
116,text,"原来如此。"林阳说道，"那你想念她吗？","I see." Lin Yang said, "Do you miss her?"
117,text,"想，很想。"冰儿说道，她的眼睛里闪烁着泪光，"但是，我知道她过得很好，这就够了。","Yes, I miss her very much." Bing'er said, her eyes glistening with tears, "But I know she's living well, and that's enough."
118,text,林阳看着冰儿那悲伤的眼神，心中涌起一股怜惜。他突然明白了，冰儿的冷漠只是她的保护色，她的内心其实很脆弱，很需要人关心。,Lin Yang looked at Bing'er's sad eyes, and a surge of pity rose in his heart. He suddenly understood that Bing'er's coldness was just her protective color, her heart was actually very fragile and needed people's care.
119,text,"林同学，如果你有什么困难的话，随时可以来找我。"林阳说道，"我会帮助你的。","Lin, if you have any difficulties, you can come to find me anytime." Lin Yang said, "I will help you."
120,text,冰儿看着林阳，嘴角微微上扬："谢谢你，林阳同学。",Bing'er looked at Lin Yang, the corners of her mouth slightly raised: "Thank you, Lin Yang."
121,text,从那天起，林阳和冰儿的关系变得更加亲密。他们经常一起去图书馆，一起讨论书籍，一起分享彼此的心事。,From that day on, Lin Yang and Bing'er's relationship became even closer. They often went to the library together, discussed books together, and shared each other's concerns.
122,text,冰儿渐渐地对林阳敞开了心扉，她告诉林阳，她的父母经常出差，她从小就习惯了一个人生活。她告诉林阳，她喜欢看书，因为书里的世界比现实更美好。她告诉林阳，她其实很想交朋友，但她不知道如何与人交流。,Bing'er gradually opened her heart to Lin Yang. She told Lin Yang that her parents often went on business trips, and she had been used to living alone since childhood. She told Lin Yang that she liked reading because the world in books was more beautiful than reality. She told Lin Yang that she actually wanted to make friends very much, but she didn't know how to communicate with people.
123,text,林阳听着冰儿的倾诉，心中充满了怜惜。他知道，冰儿是一个需要被爱的女生，而他，想要成为那个爱她的人。,Lin Yang listened to Bing'er's confiding, his heart full of pity. He knew that Bing'er was a girl who needed to be loved, and he wanted to become the person who loved her.
124,text,一天，学校组织了一次春游，目的地是附近的一座山。林阳和三位女生都参加了这次春游。,One day, the school organized a spring outing, with the destination being a nearby mountain. Lin Yang and all three girls participated in this spring outing.
125,text,在登山的过程中，晓雪因为体力不支，落在了队伍的后面。林阳看到后，主动留下来陪她。,During the mountain climbing process, Xiaoxue fell behind the team due to lack of physical strength. When Lin Yang saw this, he voluntarily stayed behind to accompany her.
126,text,"晓雪学姐，你没事吧？"林阳关心地问道。,"Senior Xiaoxue, are you okay?" Lin Yang asked with concern.
127,text,"没事，只是有点累。"晓雪笑着说道，"谢谢你陪我，林阳。","It's nothing, just a bit tired." Xiaoxue said with a smile, "Thank you for accompanying me, Lin Yang."
128,text,"不用客气，这是我应该做的。"林阳说道，"学姐，我扶你走吧。","You're welcome, this is what I should do." Lin Yang said, "Senior, let me help you walk."
129,text,晓雪点了点头，把手搭在林阳的肩膀上。两人慢慢地走着，周围是一片茂密的树林，阳光透过树叶洒在地上，形成斑驳的光影。,Xiaoxue nodded and put her hand on Lin Yang's shoulder. The two walked slowly, surrounded by a dense forest, with sunlight filtering through the leaves and sprinkling on the ground, forming dappled light and shadow.
130,text,"林阳，你觉得这里的风景怎么样？"晓雪问道。,"Lin Yang, what do you think of the scenery here?" Xiaoxue asked.
131,text,"很美。"林阳说道，"特别是和学姐在一起的时候。","Very beautiful." Lin Yang said, "Especially when I'm with you, Senior."
132,text,晓雪的脸一下子红了，她低下了头，轻声说道："我也觉得，和林阳在一起的时候，风景特别美。",Xiaoxue's face suddenly turned red, she lowered her head and said softly: "I also feel that the scenery is particularly beautiful when I'm with Lin Yang."
133,text,两人沉默了一会儿，晓雪突然抬起头，认真地看着林阳："林阳，我...我喜欢你。",The two were silent for a while, then Xiaoxue suddenly raised her head, looking seriously at Lin Yang: "Lin Yang, I... I like you."
134,text,林阳愣住了，他没有想到晓雪会这么直接地向他表白。他看着晓雪那充满期待的眼神，心中涌起一股复杂的情绪。,Lin Yang was stunned, he didn't expect Xiaoxue to confess to him so directly. He looked at Xiaoxue's eyes full of expectation, and a complex emotion surged in his heart.
135,text,就在这时，远处传来了雨萱的声音："林阳！晓雪学姐！你们在哪里？",Just then, Yuxuan's voice came from the distance: "Lin Yang! Senior Xiaoxue! Where are you?"
136,text,林阳回过神来，对晓雪说道："学姐，我们先赶上队伍吧。",Lin Yang came back to his senses and said to Xiaoxue: "Senior, let's catch up with the team first."
137,text,晓雪点了点头，两人加快了脚步。,Xiaoxue nodded, and the two quickened their pace.
138,text,到达山顶后，大家开始野餐。雨萱坐在林阳的旁边，一边吃着三明治一边说道："林阳，刚才你和晓雪学姐去哪里了？我们找了你们好久。",After reaching the mountaintop, everyone began to have a picnic. Yuxuan sat next to Lin Yang, eating a sandwich and saying: "Lin Yang, where did you and Senior Xiaoxue go just now? We looked for you for a long time."
139,text,"晓雪学姐体力不支，我陪她走了一会儿。"林阳解释道。,"Senior Xiaoxue lacked physical strength, so I accompanied her for a while." Lin Yang explained.
140,text,"这样啊。"雨萱说道，"对了，林阳，你周末有空吗？我们排球社要去海边训练，你要不要一起来？","I see." Yuxuan said, "By the way, Lin Yang, are you free this weekend? Our Volleyball Club is going to the seaside for training, do you want to come together?"
141,text,"好啊，我有空。"林阳答应道。,"Okay, I'm free." Lin Yang agreed.
142,text,"太好了！"雨萱兴奋地说道，"到时候我会来接你的。","That's great!" Yuxuan said excitedly, "I'll come to pick you up then."
143,text,冰儿坐在不远处，看着林阳和雨萱的互动，嘴角微微上扬。她拿出手机，发了一条短信："周末海边训练，一起去吗？",Bing'er sat not far away, watching Lin Yang and Yuxuan's interaction, the corners of her mouth slightly raised. She took out her phone and sent a text message: "Weekend seaside training, go together?"
144,text,很快，她收到了回复："好的，我会去的。",Soon, she received a reply: "Okay, I'll go."
145,text,周末，林阳如约来到了海边。雨萱已经在那里等他了，她穿着一件粉色的泳衣，看起来非常性感。,On the weekend, Lin Yang came to the seaside as agreed. Yuxuan was already there waiting for him, wearing a pink swimsuit, looking very sexy.
146,text,"林阳，你来了！"雨萱笑着说道，"快把衣服换了，我们一起去游泳吧！","Lin Yang, you're here!" Yuxuan said with a smile, "Hurry up and change your clothes, let's go swimming together!"
147,text,林阳换好泳裤，和雨萱一起走进了海里。雨萱的泳技很好，她在海里自由自在地游着，像一条美人鱼。,Lin Yang changed into his swim trunks and walked into the sea with Yuxuan. Yuxuan's swimming skills were very good, she swam freely in the sea, like a mermaid.
148,text,突然，一个浪头打了过来，林阳没有站稳，一下子被浪头淹没了。当他挣扎着浮出水面时，发现雨萱就在他的身边，正笑着看着他。,Suddenly, a wave came over, and Lin Yang couldn't stand steady, being submerged by the wave at once. When he struggled to float to the surface of the water, he found Yuxuan right beside him, smiling at him.
149,text,"林阳，你没事吧？"雨萱问道。,"Lin Yang, are you okay?" Yuxuan asked.
150,text,"没事。"林阳说道，"刚才那个浪头太大了。","It's nothing." Lin Yang said, "That wave was just too big."
151,text,"那我教你游泳吧。"雨萱说道，"这样你就不会被浪头淹没了。","Then let me teach you to swim." Yuxuan said, "This way you won't be submerged by waves."
152,text,雨萱游到林阳的身后，双手放在他的腰上，教他如何保持平衡。林阳感觉到雨萱的身体紧贴着他，一股电流从他的身体里流过。,Yuxuan swam behind Lin Yang, put her hands on his waist, and taught him how to maintain balance. Lin Yang felt Yuxuan's body tightly against his, and a current flowed through his body.
153,text,"林阳，你的身体好烫啊。"雨萱轻声说道，"是不是害羞了？","Lin Yang, your body is so hot." Yuxuan said softly, "Are you shy?"
154,text,林阳的脸一下子红了，他不知道该如何回答。,Lin Yang's face suddenly turned red, and he didn't know how to answer.
155,text,就在这时，冰儿也来到了海边。她穿着一件黑色的泳衣，看起来非常冷艳。她看到林阳和雨萱在一起，眼神变得有些复杂。,Just then, Bing'er also came to the seaside. She was wearing a black swimsuit, looking very cold and glamorous. She saw Lin Yang and Yuxuan together, and her eyes became somewhat complex.
156,text,"林同学，你来了！"雨萱喊道，"快来和我们一起游泳吧！","Lin, you're here!" Yuxuan shouted, "Come quickly and swim with us!"
157,text,冰儿点了点头，走进了海里。她的泳技也很好，很快就游到了林阳的身边。,Bing'er nodded and walked into the sea. Her swimming skills were also very good, and she quickly swam to Lin Yang's side.
158,text,"林阳，你要不要和我比赛游泳？"冰儿问道。,"Lin Yang, do you want to race swimming with me?" Bing'er asked.
159,text,"好啊。"林阳答应道。,"Okay." Lin Yang agreed.
160,text,两人开始比赛，冰儿游得很快，林阳努力地追赶着。最终，冰儿赢得了比赛。,The two began the race, Bing'er swam very fast, and Lin Yang tried hard to catch up. In the end, Bing'er won the race.
161,text,"你输了，要罚你请我吃冰淇淋。"冰儿说道。,"You lost, you have to treat me to ice cream." Bing'er said.
162,text,"好的，我请你。"林阳说道。,"Okay, I'll treat you." Lin Yang said.
163,text,三人来到海边的冰淇淋店，林阳买了三个冰淇淋。雨萱要了草莓味的，冰儿要了巧克力味的，林阳要了香草味的。,The three came to the seaside ice cream shop, and Lin Yang bought three ice creams. Yuxuan wanted strawberry flavor, Bing'er wanted chocolate flavor, and Lin Yang wanted vanilla flavor.
164,text,"林阳，你为什么会选择香草味的？"雨萱问道。,"Lin Yang, why did you choose vanilla flavor?" Yuxuan asked.
165,text,"因为香草味是最经典的。"林阳说道。,"Because vanilla flavor is the most classic." Lin Yang said.
166,text,"我觉得草莓味更好吃。"雨萱说道，"要不要尝尝我的？","I think strawberry flavor is better." Yuxuan said, "Do you want to taste mine?"
167,text,雨萱把自己的冰淇淋递到林阳的嘴边，林阳犹豫了一下，然后咬了一口。,Yuxuan handed her ice cream to Lin Yang's mouth, Lin Yang hesitated for a moment, then took a bite.
168,text,"怎么样？好吃吗？"雨萱问道。,"How is it? Is it good?" Yuxuan asked.
169,text,"嗯，好吃。"林阳说道。,"Hmm, it's good." Lin Yang said.
170,text,冰儿看着两人的互动，默默地吃着自己的冰淇淋。她的眼神变得有些暗淡，似乎在思考着什么。,Bing'er watched the interaction between the two, silently eating her own ice cream. Her eyes became somewhat dim, as if thinking about something.
171,text,回到学校后，林阳发现晓雪看他的眼神变得有些不一样了。她不再像以前那样主动来找他，而是变得有些回避。,After returning to school, Lin Yang found that Xiaoxue's eyes when looking at him had become somewhat different. She no longer came to find him as actively as before, but became somewhat evasive.
172,text,一天，林阳在图书馆遇到了晓雪。他走过去，问道："晓雪学姐，你最近怎么了？好像不太愿意理我。",One day, Lin Yang met Xiaoxue in the library. He walked over and asked: "Senior Xiaoxue, what's wrong with you recently? You seem unwilling to pay attention to me."
173,text,晓雪低下了头，轻声说道："我...我只是觉得，我们之间的距离越来越远了。你和雨萱、冰儿的关系越来越好，我感觉自己好像多余的。",Xiaoxue lowered her head and said softly: "I... I just feel that the distance between us is getting farther and farther. Your relationships with Yuxuan and Bing'er are getting better and better, and I feel like I'm superfluous."
174,text,"学姐，你怎么会这么想？"林阳说道，"我一直都很在意你啊。","Senior, why would you think that?" Lin Yang said, "I've always cared about you."
175,text,晓雪抬起头，眼睛里闪烁着泪光："真的吗？那你为什么没有回应我的表白？",Xiaoxue raised her head, her eyes glistening with tears: "Really? Then why didn't you respond to my confession?"
176,text,林阳愣住了，他不知道该如何回答。他确实对晓雪有好感，但他也对雨萱和冰儿有好感。他不知道自己到底喜欢谁。,Lin Yang was stunned, he didn't know how to answer. He indeed had good feelings for Xiaoxue, but he also had good feelings for Yuxuan and Bing'er. He didn't know who he really liked.
177,text,"学姐，我...我需要时间来考虑。"林阳说道，"我不想伤害任何人。","Senior, I... I need time to consider." Lin Yang said, "I don't want to hurt anyone."
178,text,晓雪点了点头，说道："我明白了，我会等你的。",Xiaoxue nodded and said: "I understand, I will wait for you."
179,text,林阳看着晓雪离开的背影，心中充满了愧疚。他知道，他必须尽快做出选择，否则会伤害到更多的人。,Lin Yang watched Xiaoxue's leaving back, his heart full of guilt. He knew that he must make a choice as soon as possible, otherwise he would hurt more people.
180,text,## 第二章：爱的抉择,## Chapter 2: The Choice of Love
181,text,经过几天的思考，林阳决定先找晓雪谈一谈。他来到高三（1）班，看到晓雪正在教室里看书。,After a few days of thinking, Lin Yang decided to talk to Xiaoxue first. He came to Grade 3 (1) Class and saw Xiaoxue reading in the classroom.
182,text,"晓雪学姐，我可以和你谈一谈吗？"林阳问道。,"Senior Xiaoxue, can I talk to you?" Lin Yang asked.
183,text,"当然可以。"晓雪说道，"我们去天台吧。","Of course." Xiaoxue said, "Let's go to the rooftop."
184,text,两人来到天台，晓雪看着远处的梧桐树，说道："林阳，你考虑好了吗？",The two came to the rooftop, and Xiaoxue looked at the distant plane trees, saying: "Lin Yang, have you considered well?"
185,text,"是的，我考虑好了。"林阳说道，"晓雪学姐，我...我喜欢你。","Yes, I have considered well." Lin Yang said, "Senior Xiaoxue, I... I like you."
186,text,晓雪的眼睛一下子亮了起来，她转身看着林阳，问道："真的吗？",Xiaoxue's eyes suddenly lit up, she turned to look at Lin Yang and asked: "Really?"
187,text,"真的。"林阳说道，"和学姐在一起的时候，我感到很温暖，很安心。我喜欢学姐的温柔，喜欢学姐的细心，喜欢学姐的一切。","Really." Lin Yang said, "When I'm with you, Senior, I feel very warm and at ease. I like your gentleness, I like your attentiveness, I like everything about you."
188,text,晓雪扑进林阳的怀里，哭着说道："林阳，我好开心，我好开心...",Xiaoxue threw herself into Lin Yang's arms, crying and saying: "Lin Yang, I'm so happy, I'm so happy..."
189,text,林阳紧紧地抱着晓雪，感受着她的体温。他知道，他做出了正确的选择。,Lin Yang held Xiaoxue tightly, feeling her body temperature. He knew that he had made the right choice.
190,text,当天晚上，林阳来到晓雪的家。晓雪的父母不在家，家里只有她一个人。,That evening, Lin Yang came to Xiaoxue's home. Xiaoxue's parents were not at home, only she was there.
191,text,"林阳，你来了。"晓雪笑着说道，"快进来吧。","Lin Yang, you're here." Xiaoxue said with a smile, "Come in quickly."
192,text,林阳走进客厅，晓雪给他倒了一杯茶。两人坐在沙发上，聊了一会儿天。,Lin Yang walked into the living room, and Xiaoxue poured him a cup of tea. The two sat on the sofa and chatted for a while.
193,text,"林阳，我...我想和你更近一步。"晓雪突然说道，她的脸红红的，看起来非常害羞。,"Lin Yang, I... I want to be closer to you." Xiaoxue suddenly said, her face red, looking very shy.
194,text,林阳愣了一下，然后明白了晓雪的意思。他靠近晓雪，轻轻地吻了她的嘴唇。,Lin Yang was stunned for a moment, then understood Xiaoxue's meaning. He approached Xiaoxue and gently kissed her lips.
195,text,晓雪回应着林阳的吻，她的手慢慢地勾住了林阳的脖子。两人的吻越来越热烈，林阳的手开始慢慢地探索晓雪的身体。,Xiaoxue responded to Lin Yang's kiss, her hands slowly hooking around Lin Yang's neck. The kiss between the two became increasingly passionate, and Lin Yang's hands began to slowly explore Xiaoxue's body.
196,text,晓雪的呼吸变得越来越急促，她的身体开始发烫。林阳把晓雪抱起来，走进了她的卧室。,Xiaoxue's breathing became increasingly rapid, and her body began to heat up. Lin Yang picked up Xiaoxue and walked into her bedroom.
197,text,卧室里的灯光很柔和，晓雪的床上铺着粉色的床单。林阳把晓雪放在床上，然后开始脱她的衣服。,The lighting in the bedroom was very soft, and Xiaoxue's bed was covered with pink sheets. Lin Yang placed Xiaoxue on the bed, then began to take off her clothes.
198,text,晓雪的皮肤很白皙，她的身体曲线很美。林阳轻轻地抚摸着她的身体，晓雪发出了轻微的呻吟声。,Xiaoxue's skin was very fair, and her body curves were beautiful. Lin Yang gently caressed her body, and Xiaoxue let out slight moans.
199,text,"林阳..."晓雪轻声说道，"我...我准备好了。","Lin Yang..." Xiaoxue said softly, "I... I'm ready."
200,text,林阳温柔地进入了晓雪的身体，晓雪的身体微微颤抖了一下。两人开始了激烈的缠绵，晓雪的呻吟声越来越大，她的手紧紧地抓住了林阳的后背。,Lin Yang gently entered Xiaoxue's body, and Xiaoxue's body trembled slightly. The two began an intense entanglement, Xiaoxue's moans became louder and louder, and her hands tightly grabbed Lin Yang's back.
201,text,"晓雪...我...我爱你。"林阳喘着粗气说道。,"Xiaoxue... I... I love you." Lin Yang said while panting heavily.
202,text,"我也爱你，林阳..."晓雪说道，她的身体开始剧烈地颤抖。,"I love you too, Lin Yang..." Xiaoxue said, her body beginning to tremble violently.
203,text,两人在爱的海洋中尽情地徜徉，直到筋疲力尽。,The two indulged themselves in the ocean of love until they were exhausted.
204,text,第二天，林阳来到学校，遇到了雨萱。雨萱看到林阳，笑着说道："林阳，你今天看起来心情很好啊。",The next day, Lin Yang came to school and met Yuxuan. Yuxuan saw Lin Yang and said with a smile: "Lin Yang, you look like you're in a very good mood today."
205,text,"是啊，我遇到了一件很开心的事情。"林阳说道。,"Yes, I encountered a very happy thing." Lin Yang said.
206,text,"什么事情？"雨萱问道。,"What thing?" Yuxuan asked.
